<?xml version="1.0" encoding="UTF-8"?>
<beans xmlns="http://www.springframework.org/schema/beans"
	xmlns:xsi="http://www.w3.org/2001/XMLSchema-instance"
	xmlns:context="http://www.springframework.org/schema/context"
	xmlns:mvc="http://www.springframework.org/schema/mvc"
	xsi:schemaLocation="http://www.springframework.org/schema/mvc http://www.springframework.org/schema/mvc/spring-mvc-4.0.xsd
		http://www.springframework.org/schema/beans http://www.springframework.org/schema/beans/spring-beans.xsd
		http://www.springframework.org/schema/context http://www.springframework.org/schema/context/spring-context-4.0.xsd">

	<!-- 自动扫描, 且只扫描 @Controller 和 @ControllerAdvice -->
	<context:component-scan base-package="com.atuigu.crm" use-default-filters="false">
		<context:include-filter type="annotation" expression="org.springframework.stereotype.Controller"/>
		<context:include-filter type="annotation" expression="org.springframework.web.bind.annotation.ControllerAdvice"/>
	</context:component-scan>
	
	<mvc:annotation-driven></mvc:annotation-driven>
	
	<!-- 定义 JSP 文件的位置 -->
	<bean class="org.springframework.web.servlet.view.InternalResourceViewResolver">
		<property name="prefix" value="/WEB-INF/views/"></property>
		<property name="suffix" value=".jsp"></property>
	</bean>
	
	<!-- 容器默认的 DefaultServletHandler 处理所有静态内容与无 RequestMapping 处理的 URL -->
	<mvc:default-servlet-handler/>

	<!-- 定义无需 Controller 的 URL <-> VIEW 直接映射 -->
	<mvc:view-controller path="/role/input" view-name="/role/input"/>
	
	<!-- 拼装登录后的成功页面 -->
	<mvc:view-controller path="/header" view-name="/home/header"/>
	<mvc:view-controller path="/footer" view-name="/home/footer"/>
	<mvc:view-controller path="/welcome" view-name="/home/welcome"/>
	
	<!-- 登录及登录成功页面 -->
	<mvc:view-controller path="/login" view-name="/home/index"/>
	<mvc:view-controller path="/success" view-name="/home/main"/>
	
	<!-- 将 Controller 抛出的异常转到特定的 View, 保存 SiteMesh 的装饰效果 -->
	<bean class="org.springframework.web.servlet.handler.SimpleMappingExceptionResolver">
		<property name="exceptionMappings">
			<props>
				<prop key="org.apache.shiro.authz.UnauthorizedException">error/403</prop>
				<prop key="java.lang.Throwable">error/500</prop>
			</props>
		</property>
	</bean>
	
	<!-- AOP 式方法级权限检查 -->
	<!-- 为了支持 Shiro 的注释, 按官方文档的要求 -->
	<bean class="org.springframework.aop.framework.autoproxy.DefaultAdvisorAutoProxyCreator" 
		depends-on="lifecycleBeanPostProcessor">
		<property name="proxyTargetClass" value="true"></property>
	</bean>
	
	<bean class="org.apache.shiro.spring.security.interceptor.AuthorizationAttributeSourceAdvisor">
		<property name="securityManager" ref="securityManager"></property>
	</bean>
	
	<!-- 加入 Struts-MENU -->
	<bean id="menu" class="net.sf.navigator.menu.MenuLoader">
	  <property name="menuConfig" value="/WEB-INF/classes/menu-config.xml"/>
	</bean>   
	
</beans>
