<?xml version="1.0" encoding="UTF-8"?>
<beans xmlns="http://www.springframework.org/schema/beans"
	xmlns:xsi="http://www.w3.org/2001/XMLSchema-instance"
	xsi:schemaLocation="http://www.springframework.org/schema/beans http://www.springframework.org/schema/beans/spring-beans.xsd">

	<bean id="localQuartzScheduler" class="org.springframework.scheduling.quartz.SchedulerFactoryBean">
		<property name="triggers">
			<list>
				<ref bean="cronTrigger"/>
			</list>
		</property>
		<property name="quartzProperties">
			<props>
				<prop key="org.quartz.threadPool.threadCount">5</prop>
			</props>
		</property>
		<property name="startupDelay" value="2"></property>
	</bean>

	<bean id="cronTrigger" class="org.springframework.scheduling.quartz.CronTriggerFactoryBean">
		<property name="jobDetail" ref="cronJobDetail"></property>
		<!-- 每天 2 点执行 -->
		<property name="cronExpression" value="0 41 8 * * ?"></property>
	</bean>

	<bean id="cronJobDetail" class="org.springframework.scheduling.quartz.MethodInvokingJobDetailFactoryBean">
		<property name="targetObject" ref="commonDao"></property>
		<property name="targetMethod" value="executeProcedure"></property>
		<property name="concurrent" value="true"></property>
	</bean>

</beans>
