<?xml version="1.0" encoding="UTF-8"?>
<beans xmlns="http://www.springframework.org/schema/beans"
	xmlns:xsi="http://www.w3.org/2001/XMLSchema-instance"
	xmlns:aop="http://www.springframework.org/schema/aop"
	xmlns:context="http://www.springframework.org/schema/context"
	xmlns:p="http://www.springframework.org/schema/p"
	xmlns:tx="http://www.springframework.org/schema/tx"
	xmlns:jpa="http://www.springframework.org/schema/data/jpa"
	xsi:schemaLocation="http://www.springframework.org/schema/aop http://www.springframework.org/schema/aop/spring-aop-4.0.xsd
		http://www.springframework.org/schema/beans http://www.springframework.org/schema/beans/spring-beans.xsd
		http://www.springframework.org/schema/data/jpa http://www.springframework.org/schema/data/jpa/spring-jpa-1.3.xsd
		http://www.springframework.org/schema/tx http://www.springframework.org/schema/tx/spring-tx-4.0.xsd
		http://www.springframework.org/schema/context http://www.springframework.org/schema/context/spring-context-4.0.xsd"
		default-lazy-init="true">

	<description>Spring 公共配置</description>

	<!-- 使用 annotation 自动注册 bean, 并检查 @Required, @Autowired 的属性已被注入 -->
	<context:component-scan base-package="com.atuigu.crm">
		<!-- 不扫描 @Controller 和 @ControllerAdvice 注解的 Bean. 这个两个注解交由 SpringMVC 进行扫描 -->
		<context:exclude-filter type="annotation"
			expression="org.springframework.stereotype.Controller" />
		<context:exclude-filter type="annotation"
			expression="org.springframework.web.bind.annotation.ControllerAdvice" />
	</context:component-scan>
	
	<!-- 导入资源文件 -->
	<context:property-placeholder location="classpath:application.properties"/>

	<!-- 配置数据库连接池 -->
	<bean id="dataSource"
		class="org.springframework.jdbc.datasource.SimpleDriverDataSource">
		<property name="driverClass" value="${jdbc.driver}" /> 
		<property name="url" value="${jdbc.url}" />
		<property name="username" value="${jdbc.username}" />
		<property name="password" value="${jdbc.password}" />
	</bean>
	
	<bean id="jdbcTemplate" class="org.springframework.jdbc.core.JdbcTemplate">
		<property name="dataSource" ref="dataSource"></property>
	</bean>
	
	<!-- 配置 JPA 提供者的适配器 -->
	<bean id="jpaVendorAdapter" class="org.springframework.orm.jpa.vendor.HibernateJpaVendorAdapter">
		<property name="databasePlatform">
			<bean class="com.atguigu.ssps.modules.persistence.Hibernates" factory-method="getDialect">
				<constructor-arg ref="dataSource"></constructor-arg>
			</bean>
		</property>
	</bean>
	
	<!-- 配置 JPA 的 EntityManager -->
	<bean id="entityManagerFactory" class="org.springframework.orm.jpa.LocalContainerEntityManagerFactoryBean">
		<property name="dataSource" ref="dataSource"></property>
		<property name="jpaVendorAdapter" ref="jpaVendorAdapter"></property>
		<property name="packagesToScan" value="com.atuigu.crm"></property>
		<property name="jpaProperties">
			<props>
				<!-- 二级缓存相关 -->
				<prop key="hibernate.cache.region.factory_class">org.hibernate.cache.ehcache.EhCacheRegionFactory</prop>
				<prop key="net.sf.ehcache.configurationResourceName">ehcache-hibernate.xml</prop>
				
				<!-- 生成的数据表的列的映射策略 -->
				<prop key="hibernate.ejb.naming_strategy">org.hibernate.cfg.ImprovedNamingStrategy</prop>
				
				<!-- hibernate 基本属性 -->
				<prop key="hibernate.show_sql">true</prop>
				<prop key="hibernate.format_sql">true</prop>
				<prop key="hibernate.hbm2ddl.auto">update</prop>
			</props>
		</property>
	</bean>
	
	<!-- 配置事务管理器 -->
	<bean id="transactionManager" class="org.springframework.orm.jpa.JpaTransactionManager">
		<property name="entityManagerFactory" ref="entityManagerFactory"></property>
	</bean>
	
	<!-- 配置 Spring Data JPA. 扫描 base-package 下所有继承 Repository<T, ID> 的接口 -->
	<jpa:repositories base-package="com.atuigu.crm"
		transaction-manager-ref="transactionManager"
		entity-manager-factory-ref="entityManagerFactory"></jpa:repositories>
	
	<!-- 配置基于注解的事务支持 -->
	<tx:annotation-driven transaction-manager="transactionManager"/>
	
	<!--  
	<import resource="applicationContext-quartz.xml"/>
	-->
	
</beans>
